fid,geom
"1","LineString (-0.5634119 0.18294052, -0.37710438 0.39393939, 0.27833895 0.43209877, 0.15488215 0.04152637, -0.2671156 -0.18294052, -0.63299663 -0.0325477, -0.61503928 0.16049383)"
"2","LineString (-0.10774411 -0.30864198, 0.46464646 0.18294052)"
"3","LineString (-0.15263749 -0.22109989, 0.41975309 -0.31986532)"
"4","LineString (0.42648709 -0.09988777, 0.05162738 -0.07295174)"
"5","LineString (0.1301908 -0.35578002, 0.46689113 0.05274972)"
"6","LineString (-0.44444444 -0.04377104, -0.05162738 0.04152637, 0.08305275 0.27497194, 0.02244669 0.36026936, -0.27833895 0.34904602, -0.44219978 0.25701459, -0.52076319 0.1335578, -0.50505051 -0.00785634)"
